user_id,name,email,status,created_at,score,description
0,Janice Harris,joannegreen+0@example.net,inactive,2021-09-20T02:23:41,481.85,"Apply camera stay use often. Happy land management decade physical. Production event business camera performance trade same.
Authority adult community.
One catch two give. Media half no sea myself relate also. Though sister something key after fact.
Point mention cell management true affect half almost. Claim him he soon try you order.
Could western whose movie national third against.
Writer drop land goal. Environmental through mouth concern evidence thousand election realize. Pull call local since federal reason institution.
Question world investment term also lawyer smile. International data effect determine last well. Career its see detail. Especially prepare manage. (version 0, keyword: rollback)"
1,Ryan Dawson,mary40+0@example.com,inactive,2022-12-07T00:31:09,259.36,"Way always close lawyer me. Walk treatment down new beautiful wish raise. Threat improve laugh often.
Total test vote voice. Owner save material trial hope go concern mouth. True decade lose various boy Mr.
jason@macmini jason % head -n 40 dataset350gb.csv
user_id,name,email,status,created_at,score,description
0,Janice Harris,joannegreen+0@example.net,inactive,2021-09-20T02:23:41,481.85,"Apply camera stay use often. Happy land management decade physical. Production event business camera performance trade same.
Authority adult community.
One catch two give. Media half no sea myself relate also. Though sister something key after fact.
Point mention cell management true affect half almost. Claim him he soon try you order.
Could western whose movie national third against.
Writer drop land goal. Environmental through mouth concern evidence thousand election realize. Pull call local since federal reason institution.
Question world investment term also lawyer smile. International data effect determine last well. Career its see detail. Especially prepare manage. (version 0, keyword: rollback)"
1,Ryan Dawson,mary40+0@example.com,inactive,2022-12-07T00:31:09,259.36,"Way always close lawyer me. Walk treatment down new beautiful wish raise. Threat improve laugh often.
Total test vote voice. Owner save material trial hope go concern mouth. True decade lose various boy Mr.
Resource star those purpose marriage and. Meeting knowledge federal shoulder reveal. Maintain system government out until response.
But ground alone into contain decade. Stand account rate record everyone.
Tend before well onto down cover usually base. College debate often think history really. Data amount candidate suggest radio nor.
And whatever present another someone. Modern cold once well put. Set campaign agree body realize. Camera southern whole whole for drive by. (version 0, keyword: scaling)"
2,Kimberly Patel,bakerian+0@example.org,pending,2022-07-01T15:37:37,64.69,"Beautiful learn have network art analysis suffer. Manager part mission recognize note cost machine. Another politics message born debate leader girl.
Good brother itself. I middle member economic get appear.
Fight water like that attention affect. Play middle ago foreign receive deal term.
Whatever wish on improve run keep. Commercial fight debate yeah employee oil.
Type represent wear along usually top. Result sense exactly party talk industry. Sister carry amount friend gas fund research. Head coach start similar cold south of.
Economy fly management senior popular entire.
Produce concern well item rich. Area down hair bag a city participant. Edge air happen movie safe. Evening center huge page.. Start project six throw manage pattern rather. (version 0, keyword: latency)"
3,Joseph Henson,jasonhall+0@example.net,pending,2020-12-13T13:43:26,633.2,"Actually look moment organization. Executive food particularly care new notice main. Possible politics just western industry bill position structure.
Either street around question necessary most sometimes. Painting perform yeah notice.
One bring hour reality. Science exactly themselves role none.
Address from kid machine. Opportunity too recently suffer certainly young million.
Collection simply which scene add listen position. Ask still never that while tell thousand.
Blood type lot star young. Own affect blue college simple generation. Rock during election somebody other.
Nation my next science culture statement modern. Whole population want avoid already. It single social deep better. Conference pressure firm general body bad image.. Family realize ready truth cultural everybody.. Rise order course phone bring. (version 0, keyword: deployment)"
4,Christopher Barnes,robertsonaaron+0@example.org,inactive,2021-01-15T18:51:28,759.24,"There whatever American speech. Within rest with read force how away. Mind back soon recent throw put easy. As others common dinner we receive.
Front soldier when east kind. Middle dream must card worry.
Floor statement sister nearly rise past. Film poor tree professor. Pick adult true toward.
Wall happy almost hope.
Stay every leave forward across part. Wear production operation along he. Particular indicate successful bring.
My need main dinner especially can. Condition discuss senior score exactly get behind.
Hair to newspaper skill site degree body. Lead success ask wonder evidence attention gun also.
Free security democratic admit. Mission fire study. None health picture everybody tough. (version 0, keyword: scaling)"
